<?xml version="1.0" encoding="iso-8859-1"?>
<rss xmlns:dc="http://purl.org/dc/elements/1.1/" version="2.0">
  <channel>
    <title>Latest Book List</title>
    <link>testing</link>
    <description>List of all the cool books</description>
    <item>
      <title>Carrie</title>
      <link>https://www.google.com/search?q=Carrie</link>
      <description>Fiction</description>
      <pubDate>Mon, 01 Jan 1900 05:00:00 GMT</pubDate>
      <guid>https://www.google.com/search?q=Carrie</guid>
      <dc:creator>Stephen King</dc:creator>
      <dc:date>1900-01-01T05:00:00Z</dc:date>
    </item>
    <item>
      <title>Salem's Lot</title>
      <link>https://www.google.com/search?q=Salem's Lot</link>
      <description>Fiction</description>
      <pubDate>Mon, 01 Jan 1900 05:00:00 GMT</pubDate>
      <guid>https://www.google.com/search?q=Salem's Lot</guid>
      <dc:creator>Stephen King</dc:creator>
      <dc:date>1900-01-01T05:00:00Z</dc:date>
    </item>
    <item>
      <title>The Shining</title>
      <link>https://www.google.com/search?q=The Shining</link>
      <description>Fiction</description>
      <pubDate>Mon, 01 Jan 1900 05:00:00 GMT</pubDate>
      <guid>https://www.google.com/search?q=The Shining</guid>
      <dc:creator>Stephen King</dc:creator>
      <dc:date>1900-01-01T05:00:00Z</dc:date>
    </item>
    <item>
      <title>The Dead Zone</title>
      <link>https://www.google.com/search?q=The Dead Zone</link>
      <description>Fiction</description>
      <pubDate>Mon, 01 Jan 1900 05:00:00 GMT</pubDate>
      <guid>https://www.google.com/search?q=The Dead Zone</guid>
      <dc:creator>Stephen King</dc:creator>
      <dc:date>1900-01-01T05:00:00Z</dc:date>
    </item>
    <item>
      <title>Pet Sematary</title>
      <link>https://www.google.com/search?q=Pet Sematary</link>
      <description>Fiction</description>
      <pubDate>Mon, 01 Jan 1900 05:00:00 GMT</pubDate>
      <guid>https://www.google.com/search?q=Pet Sematary</guid>
      <dc:creator>Stephen King</dc:creator>
      <dc:date>1900-01-01T05:00:00Z</dc:date>
    </item>
    <item>
      <title>The Tommyknockers</title>
      <link>https://www.google.com/search?q=The Tommyknockers</link>
      <description>Fiction</description>
      <pubDate>Mon, 01 Jan 1900 05:00:00 GMT</pubDate>
      <guid>https://www.google.com/search?q=The Tommyknockers</guid>
      <dc:creator>Stephen King</dc:creator>
      <dc:date>1900-01-01T05:00:00Z</dc:date>
    </item>
    <item>
      <title>Bag of Bones</title>
      <link>https://www.google.com/search?q=Bag of Bones</link>
      <description>Fiction</description>
      <pubDate>Mon, 01 Jan 1900 05:00:00 GMT</pubDate>
      <guid>https://www.google.com/search?q=Bag of Bones</guid>
      <dc:creator>Stephen King</dc:creator>
      <dc:date>1900-01-01T05:00:00Z</dc:date>
    </item>
    <item>
      <title>The Girl with the Dragon Tatoo</title>
      <link>https://www.google.com/search?q=The Girl with the Dragon Tatoo</link>
      <description>Fiction</description>
      <pubDate>Mon, 01 Jan 1900 05:00:00 GMT</pubDate>
      <guid>https://www.google.com/search?q=The Girl with the Dragon Tatoo</guid>
      <dc:creator>Stieg Larsson</dc:creator>
      <dc:date>1900-01-01T05:00:00Z</dc:date>
    </item>
    <item>
      <title>The Girl who Played with Fire</title>
      <link>https://www.google.com/search?q=The Girl who Played with Fire</link>
      <description>Fiction</description>
      <pubDate>Mon, 01 Jan 1900 05:00:00 GMT</pubDate>
      <guid>https://www.google.com/search?q=The Girl who Played with Fire</guid>
      <dc:creator>Stieg Larsson</dc:creator>
      <dc:date>1900-01-01T05:00:00Z</dc:date>
    </item>
    <item>
      <title>The Girl who Kicked the Hornett's Nest</title>
      <link>https://www.google.com/search?q=The Girl who Kicked the Hornett's Nest</link>
      <description>Fiction</description>
      <pubDate>Mon, 01 Jan 1900 05:00:00 GMT</pubDate>
      <guid>https://www.google.com/search?q=The Girl who Kicked the Hornett's Nest</guid>
      <dc:creator>Stieg Larsson</dc:creator>
      <dc:date>1900-01-01T05:00:00Z</dc:date>
    </item>
    <item>
      <title>Star Island</title>
      <link>https://www.google.com/search?q=Star Island</link>
      <description>Fiction</description>
      <pubDate>Mon, 01 Jan 1900 05:00:00 GMT</pubDate>
      <guid>https://www.google.com/search?q=Star Island</guid>
      <dc:creator>Carl Hiaasen</dc:creator>
      <dc:date>1900-01-01T05:00:00Z</dc:date>
    </item>
    <item>
      <title>Basket Case</title>
      <link>https://www.google.com/search?q=Basket Case</link>
      <description>Fiction</description>
      <pubDate>Mon, 01 Jan 1900 05:00:00 GMT</pubDate>
      <guid>https://www.google.com/search?q=Basket Case</guid>
      <dc:creator>Carl Hiaasen</dc:creator>
      <dc:date>1900-01-01T05:00:00Z</dc:date>
    </item>
    <item>
      <title>Chelsea Chelsea Bang Bang</title>
      <link>https://www.google.com/search?q=Chelsea Chelsea Bang Bang</link>
      <description>Non-fiction</description>
      <pubDate>Mon, 01 Jan 1900 05:00:00 GMT</pubDate>
      <guid>https://www.google.com/search?q=Chelsea Chelsea Bang Bang</guid>
      <dc:creator>Chelsea Handler</dc:creator>
      <dc:date>1900-01-01T05:00:00Z</dc:date>
    </item>
    <item>
      <title>My Horizontal Life</title>
      <link>https://www.google.com/search?q=My Horizontal Life</link>
      <description>Non-fiction</description>
      <pubDate>Mon, 01 Jan 1900 05:00:00 GMT</pubDate>
      <guid>https://www.google.com/search?q=My Horizontal Life</guid>
      <dc:creator>Chelsea Handler</dc:creator>
      <dc:date>1900-01-01T05:00:00Z</dc:date>
    </item>
    <item>
      <title>Are You There, Vodka? It's me, Chelsea</title>
      <link>https://www.google.com/search?q=Are You There, Vodka? It's me, Chelsea</link>
      <description>Non-fiction</description>
      <pubDate>Mon, 01 Jan 1900 05:00:00 GMT</pubDate>
      <guid>https://www.google.com/search?q=Are You There, Vodka? It's me, Chelsea</guid>
      <dc:creator>Chelsea Handler</dc:creator>
      <dc:date>1900-01-01T05:00:00Z</dc:date>
    </item>
    <item>
      <title>The Obama Diaries</title>
      <link>https://www.google.com/search?q=The Obama Diaries</link>
      <description>Non-fiction</description>
      <pubDate>Mon, 01 Jan 1900 05:00:00 GMT</pubDate>
      <guid>https://www.google.com/search?q=The Obama Diaries</guid>
      <dc:creator>Laura Ingraham</dc:creator>
      <dc:date>1900-01-01T05:00:00Z</dc:date>
    </item>
    <item>
      <title>Power to the People</title>
      <link>https://www.google.com/search?q=Power to the People</link>
      <description>Non-fiction</description>
      <pubDate>Mon, 01 Jan 1900 05:00:00 GMT</pubDate>
      <guid>https://www.google.com/search?q=Power to the People</guid>
      <dc:creator>Laura Ingraham</dc:creator>
      <dc:date>1900-01-01T05:00:00Z</dc:date>
    </item>
    <item>
      <title>Rich Dad, Poor Dad</title>
      <link>https://www.google.com/search?q=Rich Dad, Poor Dad</link>
      <description>Business</description>
      <pubDate>Mon, 01 Jan 1900 05:00:00 GMT</pubDate>
      <guid>https://www.google.com/search?q=Rich Dad, Poor Dad</guid>
      <dc:creator>Robert Kiyosaki</dc:creator>
      <dc:date>1900-01-01T05:00:00Z</dc:date>
    </item>
    <item>
      <title>Who Took My Money</title>
      <link>https://www.google.com/search?q=Who Took My Money</link>
      <description>Business</description>
      <pubDate>Mon, 01 Jan 1900 05:00:00 GMT</pubDate>
      <guid>https://www.google.com/search?q=Who Took My Money</guid>
      <dc:creator>Robert Kiyosaki</dc:creator>
      <dc:date>1900-01-01T05:00:00Z</dc:date>
    </item>
    <item>
      <title>Cashflow Quadrant</title>
      <link>https://www.google.com/search?q=Cashflow Quadrant</link>
      <description>Business</description>
      <pubDate>Mon, 01 Jan 1900 05:00:00 GMT</pubDate>
      <guid>https://www.google.com/search?q=Cashflow Quadrant</guid>
      <dc:creator>Robert Kiyosaki</dc:creator>
      <dc:date>1900-01-01T05:00:00Z</dc:date>
    </item>
    <item>
      <title>The Total Money Makeover</title>
      <link>https://www.google.com/search?q=The Total Money Makeover</link>
      <description>Business</description>
      <pubDate>Mon, 01 Jan 1900 05:00:00 GMT</pubDate>
      <guid>https://www.google.com/search?q=The Total Money Makeover</guid>
      <dc:creator>Dave Ramsey</dc:creator>
      <dc:date>1900-01-01T05:00:00Z</dc:date>
    </item>
    <item>
      <title>The Money Answer Book</title>
      <link>https://www.google.com/search?q=The Money Answer Book</link>
      <description>Business</description>
      <pubDate>Mon, 01 Jan 1900 05:00:00 GMT</pubDate>
      <guid>https://www.google.com/search?q=The Money Answer Book</guid>
      <dc:creator>Dave Ramsey</dc:creator>
      <dc:date>1900-01-01T05:00:00Z</dc:date>
    </item>
    <item>
      <title>Harry Potter and the Philosopher's Stone</title>
      <link>https://www.google.com/search?q=Harry Potter and the Philosopher's Stone</link>
      <description>Childrens</description>
      <pubDate>Mon, 01 Jan 1900 05:00:00 GMT</pubDate>
      <guid>https://www.google.com/search?q=Harry Potter and the Philosopher's Stone</guid>
      <dc:creator>Joanne Rowling</dc:creator>
      <dc:date>1900-01-01T05:00:00Z</dc:date>
    </item>
    <item>
      <title>Harry Potter and the Chamber of Secrets</title>
      <link>https://www.google.com/search?q=Harry Potter and the Chamber of Secrets</link>
      <description>Childrens</description>
      <pubDate>Mon, 01 Jan 1900 05:00:00 GMT</pubDate>
      <guid>https://www.google.com/search?q=Harry Potter and the Chamber of Secrets</guid>
      <dc:creator>Joanne Rowling</dc:creator>
      <dc:date>1900-01-01T05:00:00Z</dc:date>
    </item>
    <item>
      <title>Harry Potter and the Prisoner of Azkaban</title>
      <link>https://www.google.com/search?q=Harry Potter and the Prisoner of Azkaban</link>
      <description>Childrens</description>
      <pubDate>Mon, 01 Jan 1900 05:00:00 GMT</pubDate>
      <guid>https://www.google.com/search?q=Harry Potter and the Prisoner of Azkaban</guid>
      <dc:creator>Joanne Rowling</dc:creator>
      <dc:date>1900-01-01T05:00:00Z</dc:date>
    </item>
    <item>
      <title>Harry Potter and the Goblet of Fire</title>
      <link>https://www.google.com/search?q=Harry Potter and the Goblet of Fire</link>
      <description>Childrens</description>
      <pubDate>Mon, 01 Jan 1900 05:00:00 GMT</pubDate>
      <guid>https://www.google.com/search?q=Harry Potter and the Goblet of Fire</guid>
      <dc:creator>Joanne Rowling</dc:creator>
      <dc:date>1900-01-01T05:00:00Z</dc:date>
    </item>
    <item>
      <title>Harry Potter and the Half-Blood Prince</title>
      <link>https://www.google.com/search?q=Harry Potter and the Half-Blood Prince</link>
      <description>Childrens</description>
      <pubDate>Mon, 01 Jan 1900 05:00:00 GMT</pubDate>
      <guid>https://www.google.com/search?q=Harry Potter and the Half-Blood Prince</guid>
      <dc:creator>Joanne Rowling</dc:creator>
      <dc:date>1900-01-01T05:00:00Z</dc:date>
    </item>
    <item>
      <title>Harry Potter and the Order of the Phoenix</title>
      <link>https://www.google.com/search?q=Harry Potter and the Order of the Phoenix</link>
      <description>Childrens</description>
      <pubDate>Mon, 01 Jan 1900 05:00:00 GMT</pubDate>
      <guid>https://www.google.com/search?q=Harry Potter and the Order of the Phoenix</guid>
      <dc:creator>Joanne Rowling</dc:creator>
      <dc:date>1900-01-01T05:00:00Z</dc:date>
    </item>
    <item>
      <title>Harry Potter and the Deathly Hallows</title>
      <link>https://www.google.com/search?q=Harry Potter and the Deathly Hallows</link>
      <description>Childrens</description>
      <pubDate>Mon, 01 Jan 1900 05:00:00 GMT</pubDate>
      <guid>https://www.google.com/search?q=Harry Potter and the Deathly Hallows</guid>
      <dc:creator>Joanne Rowling</dc:creator>
      <dc:date>1900-01-01T05:00:00Z</dc:date>
    </item>
    <item>
      <title>The Lightning Thief</title>
      <link>https://www.google.com/search?q=The Lightning Thief</link>
      <description>Childrens</description>
      <pubDate>Mon, 01 Jan 1900 05:00:00 GMT</pubDate>
      <guid>https://www.google.com/search?q=The Lightning Thief</guid>
      <dc:creator>Rick Riordan</dc:creator>
      <dc:date>1900-01-01T05:00:00Z</dc:date>
    </item>
    <item>
      <title>The Sea of Monsters</title>
      <link>https://www.google.com/search?q=The Sea of Monsters</link>
      <description>Childrens</description>
      <pubDate>Mon, 01 Jan 1900 05:00:00 GMT</pubDate>
      <guid>https://www.google.com/search?q=The Sea of Monsters</guid>
      <dc:creator>Rick Riordan</dc:creator>
      <dc:date>1900-01-01T05:00:00Z</dc:date>
    </item>
    <item>
      <title>The Battle of the Labyrinth</title>
      <link>https://www.google.com/search?q=The Battle of the Labyrinth</link>
      <description>Childrens</description>
      <pubDate>Mon, 01 Jan 1900 05:00:00 GMT</pubDate>
      <guid>https://www.google.com/search?q=The Battle of the Labyrinth</guid>
      <dc:creator>Rick Riordan</dc:creator>
      <dc:date>1900-01-01T05:00:00Z</dc:date>
    </item>
    <item>
      <title>The Sea of Monsters</title>
      <link>https://www.google.com/search?q=The Sea of Monsters</link>
      <description>Childrens</description>
      <pubDate>Mon, 01 Jan 1900 05:00:00 GMT</pubDate>
      <guid>https://www.google.com/search?q=The Sea of Monsters</guid>
      <dc:creator>Rick Riordan</dc:creator>
      <dc:date>1900-01-01T05:00:00Z</dc:date>
    </item>
    <item>
      <title>The Last Olympian</title>
      <link>https://www.google.com/search?q=The Last Olympian</link>
      <description>Childrens</description>
      <pubDate>Mon, 01 Jan 1900 05:00:00 GMT</pubDate>
      <guid>https://www.google.com/search?q=The Last Olympian</guid>
      <dc:creator>Rick Riordan</dc:creator>
      <dc:date>1900-01-01T05:00:00Z</dc:date>
    </item>
  </channel>
</rss>

