<?xml version="1.0" encoding="UTF-8"?><data><request><type>City</type><query>Santiago, Chile</query></request>
<current_condition><observation_time>01:05 AM</observation_time><temp_C>12</temp_C><temp_F>54</temp_F><weatherCode>113</weatherCode><weatherIconUrl><![CDATA[http://www.worldweatheronline.com/images/wsymbols01_png_64/wsymbol_0008_clear_sky_night.png]]></weatherIconUrl><weatherDesc><![CDATA[Clear ]]></weatherDesc><windspeedMiles>11</windspeedMiles><windspeedKmph>17</windspeedKmph><winddirDegree>170</winddirDegree><winddir16Point>S</winddir16Point><precipMM>0.0</precipMM><humidity>71</humidity><visibility>10</visibility><pressure>1016</pressure><cloudcover>0</cloudcover></current_condition><weather><date>2010-11-11</date><tempMaxC>26</tempMaxC><tempMaxF>79</tempMaxF><tempMinC>8</tempMinC><tempMinF>46</tempMinF><windspeedMiles>9</windspeedMiles><windspeedKmph>14</windspeedKmph><winddirection>WSW</winddirection><winddir16Point>WSW</winddir16Point><winddirDegree>259</winddirDegree><weatherCode>113</weatherCode><weatherIconUrl><![CDATA[http://www.worldweatheronline.com/images/wsymbols01_png_64/wsymbol_0001_sunny.png]]></weatherIconUrl><weatherDesc><![CDATA[Sunny]]></weatherDesc><precipMM>0.0</precipMM></weather><weather><date>2010-11-12</date><tempMaxC>26</tempMaxC><tempMaxF>79</tempMaxF><tempMinC>8</tempMinC><tempMinF>46</tempMinF><windspeedMiles>9</windspeedMiles><windspeedKmph>15</windspeedKmph><winddirection>W</winddirection><winddir16Point>W</winddir16Point><winddirDegree>260</winddirDegree><weatherCode>113</weatherCode><weatherIconUrl><![CDATA[http://www.worldweatheronline.com/images/wsymbols01_png_64/wsymbol_0001_sunny.png]]></weatherIconUrl><weatherDesc><![CDATA[Sunny]]></weatherDesc><precipMM>0.0</precipMM></weather><weather><date>2010-11-13</date><tempMaxC>27</tempMaxC><tempMaxF>80</tempMaxF><tempMinC>8</tempMinC><tempMinF>47</tempMinF><windspeedMiles>6</windspeedMiles><windspeedKmph>10</windspeedKmph><winddirection>W</winddirection><winddir16Point>W</winddir16Point><winddirDegree>269</winddirDegree><weatherCode>113</weatherCode><weatherIconUrl><![CDATA[http://www.worldweatheronline.com/images/wsymbols01_png_64/wsymbol_0001_sunny.png]]></weatherIconUrl><weatherDesc><![CDATA[Sunny]]></weatherDesc><precipMM>0.0</precipMM></weather><weather><date>2010-11-14</date><tempMaxC>25</tempMaxC><tempMaxF>76</tempMaxF><tempMinC>5</tempMinC><tempMinF>42</tempMinF><windspeedMiles>7</windspeedMiles><windspeedKmph>12</windspeedKmph><winddirection>W</winddirection><winddir16Point>W</winddir16Point><winddirDegree>269</winddirDegree><weatherCode>113</weatherCode><weatherIconUrl><![CDATA[http://www.worldweatheronline.com/images/wsymbols01_png_64/wsymbol_0001_sunny.png]]></weatherIconUrl><weatherDesc><![CDATA[Sunny]]></weatherDesc><precipMM>0.0</precipMM></weather><weather><date>2010-11-15</date><tempMaxC>23</tempMaxC><tempMaxF>74</tempMaxF><tempMinC>6</tempMinC><tempMinF>42</tempMinF><windspeedMiles>8</windspeedMiles><windspeedKmph>13</windspeedKmph><winddirection>W</winddirection><winddir16Point>W</winddir16Point><winddirDegree>264</winddirDegree><weatherCode>113</weatherCode><weatherIconUrl><![CDATA[http://www.worldweatheronline.com/images/wsymbols01_png_64/wsymbol_0001_sunny.png]]></weatherIconUrl><weatherDesc><![CDATA[Sunny]]></weatherDesc><precipMM>0.0</precipMM></weather></data>