<museums>
 <museum id_museum= '1'> <name>Fundacion Federico Klemm</name> <city>Buenos Aires        </city> <country>Argentina           </country> </museum>
 <museum id_museum= '2'> <name>Fundacion Proa</name> <city>Buenos Aires        </city> <country>Argentina           </country> </museum>
 <museum id_museum= '3'> <name>Museo de Arte Latinoamericano</name> <city>Buenos Aires        </city> <country>Argentina           </country> </museum>
 <museum id_museum= '4'> <name>Museo Nacional de Bellas Artes</name> <city>Buenos Aires        </city> <country>Argentina           </country> </museum>
 <museum id_museum= '5'> <name>Xul Solar Museum</name> <city>Buenos Aires        </city> <country>Argentina           </country> </museum>
 <museum id_museum= '6'> <name>Museu de Arte Contemporanea de Niteroi</name> <city>Niteroi             </city> <country>Brazil              </country> </museum>
 <museum id_museum= '7'> <name>Museu de Arte Contemporanea do Parana</name> <city>Parana              </city> <country>Brazil              </country> </museum>
 <museum id_museum= '8'> <name>Museu de Arte Moderna</name> <city>Rio de Janeiro      </city> <country>Brazil              </country> </museum>
 <museum id_museum= '9'> <name>Museu Nacional de Belas Artes</name> <city>Rio de Janeiro      </city> <country>Brazil              </country> </museum>
 <museum id_museum= '10'> <name>Carlos Costa Pinto Museum</name> <city>Salvador            </city> <country>Brazil              </country> </museum>
 <museum id_museum= '11'> <name>Itau Cultural</name> <city>Sao Paulo           </city> <country>Brazil              </country> </museum>
 <museum id_museum= '12'> <name>Lasar Segall Museum</name> <city>Sao Paulo           </city> <country>Brazil              </country> </museum>
 <museum id_museum= '13'> <name>Museu de Arte Brasileira</name> <city>Sao Paulo           </city> <country>Brazil              </country> </museum>
 <museum id_museum= '14'> <name>Museu de Arte Contemporanea da Universidade de Sao Paulo</name> <city>Sao Paulo           </city> <country>Brazil              </country> </museum>
 <museum id_museum= '15'> <name>Museu de Arte de Sao Paulo</name> <city>Sao Paulo           </city> <country>Brazil              </country> </museum>
 <museum id_museum= '16'> <name>Museu de Arte Moderna</name> <city>Sao Paulo           </city> <country>Brazil              </country> </museum>
 <museum id_museum= '17'> <name>Museo Chileno de Arte Precolombino</name> <city>Santiago            </city> <country>Chile               </country> </museum>
 <museum id_museum= '18'> <name>Museo Nacional de Bellas Artes</name> <city>Santiago            </city> <country>Chile               </country> </museum>
 <museum id_museum= '19'> <name>Biblioteca Luis Angel Arango</name> <city>Bogota              </city> <country>Colombia            </country> </museum>
 <museum id_museum= '20'> <name>El Museo del Oro</name> <city>Bogota              </city> <country>Colombia            </country> </museum>
 <museum id_museum= '21'> <name>El Museo de Arte Costarricense</name> <city>San Jose            </city> <country>Costa Rica          </country> </museum>
 <museum id_museum= '22'> <name>Museo Nacional de Bellas Artes</name> <city>Havana              </city> <country>Cuba                </country> </museum>
 <museum id_museum= '23'> <name>MARTE, Museo de Arte de El Salvador</name> <city>San Salvador        </city> <country>El Salvador         </country> </museum>
 <museum id_museum= '24'> <name>Carillo Gil Museum of Contemporary Art</name> <city>Mexico City         </city> <country>Mexico              </country> </museum>
 <museum id_museum= '25'> <name>La Casa Azul, Museo Frida Kahlo</name> <city>Mexico City         </city> <country>Mexico              </country> </museum>
 <museum id_museum= '26'> <name>Museo Casa Estudio Diego Rivera y Frida Kahlo</name> <city>Mexico City         </city> <country>Mexico              </country> </museum>
 <museum id_museum= '27'> <name>Museo de Arte Moderno</name> <city>Mexico City         </city> <country>Mexico              </country> </museum>
 <museum id_museum= '28'> <name>Museo Diego Rivera - Anahuacalli</name> <city>Mexico City         </city> <country>Mexico              </country> </museum>
 <museum id_museum= '29'> <name>Museo Dolores Olmedo</name> <city>Mexico City         </city> <country>Mexico              </country> </museum>
 <museum id_museum= '30'> <name>Museo Franz Mayer</name> <city>Mexico City         </city> <country>Mexico              </country> </museum>
 <museum id_museum= '31'> <name>Museo Mural Diego Rivera</name> <city>Mexico City         </city> <country>Mexico              </country> </museum>
 <museum id_museum= '32'> <name>Museo Nacional de Arte</name> <city>Mexico City         </city> <country>Mexico              </country> </museum>
 <museum id_museum= '33'> <name>Museo Soumaya</name> <city>Mexico City         </city> <country>Mexico              </country> </museum>
 <museum id_museum= '34'> <name>Museo Tamayo Arte Contemporaneo</name> <city>Mexico City         </city> <country>Mexico              </country> </museum>
 <museum id_museum= '35'> <name>Museo Universitario Arte Contemporaneo (MUAC)</name> <city>Mexico City         </city> <country>Mexico              </country> </museum>
 <museum id_museum= '36'> <name>Museo de Arte Contemporaneo de Monterrey</name> <city>Mexico City         </city> <country>Monterrey           </country> </museum>
 <museum id_museum= '37'> <name>Museo Amparo</name> <city>Mexico City         </city> <country>Puebla              </country> </museum>
 <museum id_museum= '38'> <name>Museo de Arte de Lima</name> <city>Lima                </city> <country>Peru                </country> </museum>
 <museum id_museum= '39'> <name>Museo Larco</name> <city>Lima                </city> <country>Peru                </country> </museum>
 <museum id_museum= '40'> <name>Museo de Arte Moderno Juan Astorga Anta</name> <city>Merida              </city> <country>Venezuela           </country> </museum>
 <museum id_museum= '41'> <name>Uffizi Gallery</name> <city>Florence            </city> <country>Italy               </country> </museum>
 <museum id_museum= '42'> <name>Casa Buonarroti</name> <city>Florence            </city> <country>Italy               </country> </museum>
 <museum id_museum= '43'> <name>Florence Museums</name> <city>Florence            </city> <country>Italy               </country> </museum>
 <museum id_museum= '44'> <name>Galleria dell&apos;Accademia</name> <city>Florence            </city> <country>Italy               </country> </museum>
 <museum id_museum= '45'> <name>Galleria Palatina</name> <city>Florence            </city> <country>Italy               </country> </museum>
 <museum id_museum= '46'> <name>Marino Marini Museum</name> <city>Florence            </city> <country>Italy               </country> </museum>
 <museum id_museum= '47'> <name>Museo di San Marco</name> <city>Florence            </city> <country>Italy               </country> </museum>
 <museum id_museum= '48'> <name>Museo Nazionale del Bargello</name> <city>Florence            </city> <country>Italy               </country> </museum>
 <museum id_museum= '49'> <name>Opera di Santa Maria del Fiore</name> <city>Florence            </city> <country>Italy               </country> </museum>
 <museum id_museum= '50'> <name>Palazzo Medici Riccardi</name> <city>Florence            </city> <country>Italy               </country> </museum>
 <museum id_museum= '51'> <name>Palazzo Vecchio (Museo Ragazzi)</name> <city>Florence            </city> <country>Italy               </country> </museum>
 <museum id_museum= '52'> <name>Pinacoteca Regionale</name> <city>Florence            </city> <country>Italy               </country> </museum>
 <museum id_museum= '53'> <name>Pitti Palace</name> <city>Florence            </city> <country>Italy               </country> </museum>
 <museum id_museum= '54'> <name>Palazzo Bianco</name> <city>Genoa               </city> <country>Italy               </country> </museum>
 <museum id_museum= '55'> <name>Palazzo Rosso</name> <city>Genoa               </city> <country>Italy               </country> </museum>
 <museum id_museum= '56'> <name>Galleria Nazionale Palazzo Spinola</name> <city>Genoa               </city> <country>Italy               </country> </museum>
 <museum id_museum= '57'> <name>Musei di Genova</name> <city>Genoa               </city> <country>Italy               </country> </museum>
 <museum id_museum= '58'> <name>Museo dell&apos;Accademia Ligustica di Belle Arti</name> <city>Genoa               </city> <country>Italy               </country> </museum>
 <museum id_museum= '59'> <name>Museo Palazzo Reale</name> <city>Genoa               </city> <country>Italy               </country> </museum>
 <museum id_museum= '60'> <name>Palazzo Ducale</name> <city>Genoa               </city> <country>Italy               </country> </museum>
 <museum id_museum= '61'> <name>Villa Croce Museo di Arte Contemporanea</name> <city>Genoa               </city> <country>Italy               </country> </museum>
 <museum id_museum= '62'> <name>Villa del Principe, Palazzo di Andrea Doria</name> <city>Genoa               </city> <country>Italy               </country> </museum>
 <museum id_museum= '63'> <name>Wolfsoniana: The Wolfson Collection</name> <city>Genoa               </city> <country>Italy               </country> </museum>
 <museum id_museum= '64'> <name>Calderara Foundation Collection</name> <city>Milan               </city> <country>Italy               </country> </museum>
 <museum id_museum= '65'> <name>Castello Sforzesco Pinacoteca</name> <city>Milan               </city> <country>Italy               </country> </museum>
 <museum id_museum= '66'> <name>Museo Bagatti Valsecchi</name> <city>Milan               </city> <country>Italy               </country> </museum>
 <museum id_museum= '67'> <name>Museo Civico di Arte Antica</name> <city>Milan               </city> <country>Italy               </country> </museum>
 <museum id_museum= '68'> <name>Museo Diocesano di Milan</name> <city>Milan               </city> <country>Italy               </country> </museum>
 <museum id_museum= '69'> <name>Museo Luciano Minguzzi</name> <city>Milan               </city> <country>Italy               </country> </museum>
 <museum id_museum= '70'> <name>Museo Poldi Pezzoli</name> <city>Milan               </city> <country>Italy               </country> </museum>
 <museum id_museum= '71'> <name>Padiglione d&apos;Arte Contemporanea</name> <city>Milan               </city> <country>Italy               </country> </museum>
 <museum id_museum= '72'> <name>Pinacoteca Ambrosiana</name> <city>Milan               </city> <country>Italy               </country> </museum>
 <museum id_museum= '73'> <name>Pinacoteca di Brera</name> <city>Milan               </city> <country>Italy               </country> </museum>
 <museum id_museum= '74'> <name>Galleria Borghese</name> <city>Rome                </city> <country>Italy               </country> </museum>
 <museum id_museum= '75'> <name>Musei Capitolini</name> <city>Rome                </city> <country>Italy               </country> </museum>
 <museum id_museum= '76'> <name>Chiostro del Bramante</name> <city>Rome                </city> <country>Italy               </country> </museum>
 <museum id_museum= '77'> <name>Galleria Corsini</name> <city>Rome                </city> <country>Italy               </country> </museum>
 <museum id_museum= '78'> <name>Galleria Doria Pamphilj</name> <city>Rome                </city> <country>Italy               </country> </museum>
 <museum id_museum= '79'> <name>Galleria Nazionale d&apos;Arte Moderna e Contemporanea</name> <city>Rome                </city> <country>Italy               </country> </museum>
 <museum id_museum= '80'> <name>Galleria Spada</name> <city>Rome                </city> <country>Italy               </country> </museum>
 <museum id_museum= '81'> <name>Giorgio and Isa de Chirico Foundation</name> <city>Rome                </city> <country>Italy               </country> </museum>
 <museum id_museum= '82'> <name>Istituto Nazionale per la Grafica</name> <city>Rome                </city> <country>Italy               </country> </museum>
 <museum id_museum= '83'> <name>MACRO - Museo d&apos;Arte Contemporanea Roma</name> <city>Rome                </city> <country>Italy               </country> </museum>
 <museum id_museum= '84'> <name>MAXXI Museo Nazionale delle Arti del XXI Secolo</name> <city>Rome                </city> <country>Italy               </country> </museum>
 <museum id_museum= '85'> <name>Musei di Palazzo Farnese</name> <city>Rome                </city> <country>Italy               </country> </museum>
 <museum id_museum= '86'> <name>Museo Barracco</name> <city>Rome                </city> <country>Italy               </country> </museum>
 <museum id_museum= '87'> <name>Museo del Corso</name> <city>Rome                </city> <country>Italy               </country> </museum>
 <museum id_museum= '88'> <name>Museo della Casina delle Civette</name> <city>Rome                </city> <country>Italy               </country> </museum>
 <museum id_museum= '89'> <name>Museo di Roma - Palazzo Braschi</name> <city>Rome                </city> <country>Italy               </country> </museum>
 <museum id_museum= '90'> <name>Museo di Roma in Trastevere</name> <city>Rome                </city> <country>Italy               </country> </museum>
 <museum id_museum= '91'> <name>Museo Napoleonico</name> <city>Rome                </city> <country>Italy               </country> </museum>
 <museum id_museum= '92'> <name>Palazzo Barberini</name> <city>Rome                </city> <country>Italy               </country> </museum>
 <museum id_museum= '93'> <name>Palazzo Colonna Gallery</name> <city>Rome                </city> <country>Italy               </country> </museum>
 <museum id_museum= '94'> <name>Palazzo delle Esposizioni</name> <city>Rome                </city> <country>Italy               </country> </museum>
 <museum id_museum= '95'> <name>Palazzo Montecitorio</name> <city>Rome                </city> <country>Italy               </country> </museum>
 <museum id_museum= '96'> <name>Palazzo Ruspoli</name> <city>Rome                </city> <country>Italy               </country> </museum>
 <museum id_museum= '97'> <name>Scuderie del Quirinale</name> <city>Rome                </city> <country>Italy               </country> </museum>
 <museum id_museum= '98'> <name>Castello di Rivoli Museo d&apos;Arte Contemporanea</name> <city>Turin               </city> <country>Italy               </country> </museum>
 <museum id_museum= '99'> <name>Fondazione Accorsi Museum of Decorative Arts</name> <city>Turin               </city> <country>Italy               </country> </museum>
 <museum id_museum= '100'> <name>Galleria Sabauda</name> <city>Turin               </city> <country>Italy               </country> </museum>
 <museum id_museum= '101'> <name>GAM - Galleria Civica d&apos;Arte Moderna e Contemporanea</name> <city>Turin               </city> <country>Italy               </country> </museum>
 <museum id_museum= '102'> <name>Palazzo Bricherasio</name> <city>Turin               </city> <country>Italy               </country> </museum>
 <museum id_museum= '103'> <name>Palazzo Cavour</name> <city>Turin               </city> <country>Italy               </country> </museum>
 <museum id_museum= '104'> <name>Peggy Guggenheim Collection</name> <city>Venice              </city> <country>Italy               </country> </museum>
 <museum id_museum= '105'> <name>Ca&apos; Rezzonico - Museo del Settecento Veneziano</name> <city>Venice              </city> <country>Italy               </country> </museum>
 <museum id_museum= '106'> <name>Fondazione Bevilacqua La Masa</name> <city>Venice              </city> <country>Italy               </country> </museum>
 <museum id_museum= '107'> <name>Gallerie dell&apos;Accademia</name> <city>Venice              </city> <country>Italy               </country> </museum>
 <museum id_museum= '108'> <name>Museo Ca&apos; Pesaro</name> <city>Venice              </city> <country>Italy               </country> </museum>
 <museum id_museum= '109'> <name>Museo Correr</name> <city>Venice              </city> <country>Italy               </country> </museum>
 <museum id_museum= '110'> <name>Museo Fortuny</name> <city>Venice              </city> <country>Italy               </country> </museum>
 <museum id_museum= '111'> <name>Palazzo Ducale</name> <city>Venice              </city> <country>Italy               </country> </museum>
 <museum id_museum= '112'> <name>Palazzo Grassi</name> <city>Venice              </city> <country>Italy               </country> </museum>
 <museum id_museum= '113'> <name>Querini Stampalia Foundation Museum</name> <city>Venice              </city> <country>Italy               </country> </museum>
</museums>
