<?xml version="1.0" encoding="UTF-8"?>
<w_cond>
<data><request><type>City</type><query>Buenos aires, Argentina</query></request><current_condition><observation_time>08:12 PM</observation_time><temp scale="C">19</temp><temp scale="F">66</temp><weatherDesc>Sunny</weatherDesc><windspeed unit="Miles">8</windspeed><windspeed unit="Kmph">13</windspeed><dirDegree>70</dirDegree><dir16Point>ENE</dir16Point><precipMM>0.0</precipMM><humidity>64</humidity><visibility>10</visibility><pressure>1015</pressure><cloudcover>75</cloudcover></current_condition><weather><date>2010-10-24</date><tempMaxC>23</tempMaxC><tempMaxF>73</tempMaxF><tempMinC>11</tempMinC><tempMinF>51</tempMinF><windspeed unit="Miles">8</windspeed><windspeed unit="Kmph">12</windspeed><winddirection>SE</winddirection><dir16Point>SE</dir16Point><dirDegree>126</dirDegree><weatherDesc>Partly Cloudy</weatherDesc><precipMM>0.0</precipMM></weather><weather><date>2010-10-25</date><tempMaxC>23</tempMaxC><tempMaxF>73</tempMaxF><tempMinC>11</tempMinC><tempMinF>52</tempMinF><windspeed unit="Miles">7</windspeed><windspeed unit="Kmph">12</windspeed><winddirection>SW</winddirection><dir16Point>SW</dir16Point><dirDegree>224</dirDegree><weatherDesc>Sunny</weatherDesc><precipMM>0.0</precipMM></weather><weather><date>2010-10-26</date><tempMaxC>24</tempMaxC><tempMaxF>76</tempMaxF><tempMinC>12</tempMinC><tempMinF>53</tempMinF><windspeed unit="Miles">10</windspeed><windspeed unit="Kmph">16</windspeed><winddirection>NNE</winddirection><dir16Point>NNE</dir16Point><dirDegree>32</dirDegree><weatherDesc>Sunny</weatherDesc><precipMM>0.0</precipMM></weather></data>
<data><request><type>City</type><query>Montevideo, Uruguay</query></request><current_condition><observation_time>08:12 PM</observation_time><temp scale="C">16</temp><temp scale="F">61</temp><weatherDesc>Sunny</weatherDesc><windspeed unit="Miles">6</windspeed><windspeed unit="Kmph">9</windspeed><dirDegree>180</dirDegree><dir16Point>S</dir16Point><precipMM>0.0</precipMM><humidity>63</humidity><visibility>10</visibility><pressure>1015</pressure><cloudcover>75</cloudcover></current_condition><weather><date>2010-10-24</date><tempMaxC>17</tempMaxC><tempMaxF>63</tempMaxF><tempMinC>10</tempMinC><tempMinF>49</tempMinF><windspeed unit="Miles">8</windspeed><windspeed unit="Kmph">13</windspeed><winddirection>S</winddirection><dir16Point>S</dir16Point><dirDegree>176</dirDegree><weatherDesc>Cloudy</weatherDesc><precipMM>0.0</precipMM></weather><weather><date>2010-10-25</date><tempMaxC>18</tempMaxC><tempMaxF>65</tempMaxF><tempMinC>10</tempMinC><tempMinF>50</tempMinF><windspeed unit="Miles">11</windspeed><windspeed unit="Kmph">18</windspeed><winddirection>S</winddirection><dir16Point>S</dir16Point><dirDegree>190</dirDegree><weatherDesc>Sunny</weatherDesc><precipMM>0.1</precipMM></weather><weather><date>2010-10-26</date><tempMaxC>18</tempMaxC><tempMaxF>65</tempMaxF><tempMinC>10</tempMinC><tempMinF>51</tempMinF><windspeed unit="Miles">9</windspeed><windspeed unit="Kmph">15</windspeed><winddirection>S</winddirection><dir16Point>S</dir16Point><dirDegree>185</dirDegree><weatherDesc>Sunny</weatherDesc><precipMM>0.0</precipMM></weather></data>
<data><request><type>City</type><query>Santiago, Chile</query></request><current_condition><observation_time>08:12 PM</observation_time><temp scale="C">25</temp><temp scale="F">77</temp><weatherDesc>Sunny</weatherDesc><windspeed unit="Miles">15</windspeed><windspeed unit="Kmph">24</windspeed><dirDegree>230</dirDegree><dir16Point>SW</dir16Point><precipMM>0.0</precipMM><humidity>30</humidity><visibility>10</visibility><pressure>1016</pressure><cloudcover>0</cloudcover></current_condition><weather><date>2010-10-24</date><tempMaxC>26</tempMaxC><tempMaxF>79</tempMaxF><tempMinC>1</tempMinC><tempMinF>33</tempMinF><windspeed unit="Miles">14</windspeed><windspeed unit="Kmph">23</windspeed><winddirection>W</winddirection><dir16Point>W</dir16Point><dirDegree>276</dirDegree><weatherDesc>Sunny</weatherDesc><precipMM>0.0</precipMM></weather><weather><date>2010-10-25</date><tempMaxC>28</tempMaxC><tempMaxF>83</tempMaxF><tempMinC>3</tempMinC><tempMinF>37</tempMinF><windspeed unit="Miles">15</windspeed><windspeed unit="Kmph">24</windspeed><winddirection>WNW</winddirection><dir16Point>WNW</dir16Point><dirDegree>283</dirDegree><weatherDesc>Sunny</weatherDesc><precipMM>0.0</precipMM></weather><weather><date>2010-10-26</date><tempMaxC>25</tempMaxC><tempMaxF>76</tempMaxF><tempMinC>4</tempMinC><tempMinF>38</tempMinF><windspeed unit="Miles">10</windspeed><windspeed unit="Kmph">17</windspeed><winddirection>W</winddirection><dir16Point>W</dir16Point><dirDegree>270</dirDegree><weatherDesc>Sunny</weatherDesc><precipMM>0.0</precipMM></weather></data>
<data><request><type>City</type><query>Brasilia, Brazil</query></request><current_condition><observation_time>08:12 PM</observation_time><temp scale="C">23</temp><temp scale="F">73</temp><weatherDesc>Light rain shower</weatherDesc><windspeed unit="Miles">4</windspeed><windspeed unit="Kmph">7</windspeed><dirDegree>340</dirDegree><dir16Point>NNW</dir16Point><precipMM>0.3</precipMM><humidity>73</humidity><visibility>10</visibility><pressure>1014</pressure><cloudcover>50</cloudcover></current_condition><weather><date>2010-10-24</date><tempMaxC>25</tempMaxC><tempMaxF>77</tempMaxF><tempMinC>20</tempMinC><tempMinF>68</tempMinF><windspeed unit="Miles">5</windspeed><windspeed unit="Kmph">8</windspeed><winddirection>NNW</winddirection><dir16Point>NNW</dir16Point><dirDegree>333</dirDegree><weatherDesc>Partly Cloudy</weatherDesc><precipMM>1.8</precipMM></weather><weather><date>2010-10-25</date><tempMaxC>23</tempMaxC><tempMaxF>74</tempMaxF><tempMinC>20</tempMinC><tempMinF>68</tempMinF><windspeed unit="Miles">5</windspeed><windspeed unit="Kmph">8</windspeed><winddirection>NE</winddirection><dir16Point>NE</dir16Point><dirDegree>48</dirDegree><weatherDesc>Patchy light drizzle</weatherDesc><precipMM>7.4</precipMM></weather><weather><date>2010-10-26</date><tempMaxC>25</tempMaxC><tempMaxF>76</tempMaxF><tempMinC>19</tempMinC><tempMinF>66</tempMinF><windspeed unit="Miles">5</windspeed><windspeed unit="Kmph">9</windspeed><winddirection>E</winddirection><dir16Point>E</dir16Point><dirDegree>90</dirDegree><weatherDesc>Patchy rain nearby</weatherDesc><precipMM>13.9</precipMM></weather></data>
<data><request><type>City</type><query>Rio de janeiro, Brazil</query></request><current_condition><observation_time>08:12 PM</observation_time><temp scale="C">25</temp><temp scale="F">77</temp><weatherDesc>Patchy rain nearby</weatherDesc><windspeed unit="Miles">12</windspeed><windspeed unit="Kmph">19</windspeed><dirDegree>200</dirDegree><dir16Point>SSW</dir16Point><precipMM>0.2</precipMM><humidity>69</humidity><visibility>10</visibility><pressure>1011</pressure><cloudcover>75</cloudcover></current_condition><weather><date>2010-10-24</date><tempMaxC>25</tempMaxC><tempMaxF>78</tempMaxF><tempMinC>21</tempMinC><tempMinF>71</tempMinF><windspeed unit="Miles">13</windspeed><windspeed unit="Kmph">20</windspeed><winddirection>SW</winddirection><dir16Point>SW</dir16Point><dirDegree>235</dirDegree><weatherDesc>Partly Cloudy</weatherDesc><precipMM>7.3</precipMM></weather><weather><date>2010-10-25</date><tempMaxC>25</tempMaxC><tempMaxF>77</tempMaxF><tempMinC>20</tempMinC><tempMinF>69</tempMinF><windspeed unit="Miles">9</windspeed><windspeed unit="Kmph">15</windspeed><winddirection>SW</winddirection><dir16Point>SW</dir16Point><dirDegree>217</dirDegree><weatherDesc>Cloudy</weatherDesc><precipMM>1.1</precipMM></weather><weather><date>2010-10-26</date><tempMaxC>25</tempMaxC><tempMaxF>76</tempMaxF><tempMinC>19</tempMinC><tempMinF>66</tempMinF><windspeed unit="Miles">10</windspeed><windspeed unit="Kmph">17</windspeed><winddirection>SSE</winddirection><dir16Point>SSE</dir16Point><dirDegree>161</dirDegree><weatherDesc>Light drizzle</weatherDesc><precipMM>7.4</precipMM></weather></data>
<data><request><type>City</type><query>New york, United States of America</query></request><current_condition><observation_time>08:12 PM</observation_time><temp scale="C">19</temp><temp scale="F">67</temp><weatherDesc>Partly Cloudy</weatherDesc><windspeed unit="Miles">4</windspeed><windspeed unit="Kmph">6</windspeed><dirDegree>80</dirDegree><dir16Point>E</dir16Point><precipMM>0.0</precipMM><humidity>57</humidity><visibility>16</visibility><pressure>1018</pressure><cloudcover>0</cloudcover></current_condition><weather><date>2010-10-24</date><tempMaxC>19</tempMaxC><tempMaxF>66</tempMaxF><tempMinC>10</tempMinC><tempMinF>50</tempMinF><windspeed unit="Miles">6</windspeed><windspeed unit="Kmph">9</windspeed><winddirection>SSE</winddirection><dir16Point>SSE</dir16Point><dirDegree>156</dirDegree><weatherDesc>Partly Cloudy</weatherDesc><precipMM>0.0</precipMM></weather><weather><date>2010-10-25</date><tempMaxC>20</tempMaxC><tempMaxF>69</tempMaxF><tempMinC>10</tempMinC><tempMinF>49</tempMinF><windspeed unit="Miles">11</windspeed><windspeed unit="Kmph">18</windspeed><winddirection>SW</winddirection><dir16Point>SW</dir16Point><dirDegree>220</dirDegree><weatherDesc>Cloudy</weatherDesc><precipMM>4.3</precipMM></weather><weather><date>2010-10-26</date><tempMaxC>19</tempMaxC><tempMaxF>66</tempMaxF><tempMinC>16</tempMinC><tempMinF>62</tempMinF><windspeed unit="Miles">11</windspeed><windspeed unit="Kmph">18</windspeed><winddirection>SSW</winddirection><dir16Point>SSW</dir16Point><dirDegree>197</dirDegree><weatherDesc>Cloudy</weatherDesc><precipMM>9.8</precipMM></weather></data>
<data><request><type>City</type><query>Washington, United States of America</query></request><current_condition><observation_time>08:12 PM</observation_time><temp scale="C">22</temp><temp scale="F">71</temp><weatherDesc>Partly Cloudy</weatherDesc><windspeed unit="Miles">9</windspeed><windspeed unit="Kmph">15</windspeed><dirDegree>190</dirDegree><dir16Point>S</dir16Point><precipMM>0.0</precipMM><humidity>51</humidity><visibility>16</visibility><pressure>1018</pressure><cloudcover>75</cloudcover></current_condition><weather><date>2010-10-24</date><tempMaxC>21</tempMaxC><tempMaxF>70</tempMaxF><tempMinC>10</tempMinC><tempMinF>50</tempMinF><windspeed unit="Miles">8</windspeed><windspeed unit="Kmph">13</windspeed><winddirection>SSW</winddirection><dir16Point>SSW</dir16Point><dirDegree>209</dirDegree><weatherDesc>Partly Cloudy</weatherDesc><precipMM>0.0</precipMM></weather><weather><date>2010-10-25</date><tempMaxC>20</tempMaxC><tempMaxF>68</tempMaxF><tempMinC>11</tempMinC><tempMinF>52</tempMinF><windspeed unit="Miles">12</windspeed><windspeed unit="Kmph">19</windspeed><winddirection>SSW</winddirection><dir16Point>SSW</dir16Point><dirDegree>197</dirDegree><weatherDesc>Light drizzle</weatherDesc><precipMM>6.9</precipMM></weather><weather><date>2010-10-26</date><tempMaxC>21</tempMaxC><tempMaxF>71</tempMaxF><tempMinC>16</tempMinC><tempMinF>62</tempMinF><windspeed unit="Miles">13</windspeed><windspeed unit="Kmph">22</windspeed><winddirection>S</winddirection><dir16Point>S</dir16Point><dirDegree>190</dirDegree><weatherDesc>Patchy light drizzle</weatherDesc><precipMM>1.1</precipMM></weather></data>
<data><request><type>City</type><query>Barcelona, Spain</query></request><current_condition><observation_time>08:12 PM</observation_time><temp scale="C">18</temp><temp scale="F">64</temp><weatherDesc>Clear</weatherDesc><windspeed unit="Miles">17</windspeed><windspeed unit="Kmph">28</windspeed><dirDegree>240</dirDegree><dir16Point>WSW</dir16Point><precipMM>0.3</precipMM><humidity>83</humidity><visibility>10</visibility><pressure>1009</pressure><cloudcover>25</cloudcover></current_condition><weather><date>2010-10-24</date><tempMaxC>22</tempMaxC><tempMaxF>71</tempMaxF><tempMinC>12</tempMinC><tempMinF>53</tempMinF><windspeed unit="Miles">13</windspeed><windspeed unit="Kmph">21</windspeed><winddirection>WSW</winddirection><dir16Point>WSW</dir16Point><dirDegree>246</dirDegree><weatherDesc>Sunny</weatherDesc><precipMM>0.4</precipMM></weather><weather><date>2010-10-25</date><tempMaxC>17</tempMaxC><tempMaxF>62</tempMaxF><tempMinC>9</tempMinC><tempMinF>48</tempMinF><windspeed unit="Miles">12</windspeed><windspeed unit="Kmph">20</windspeed><winddirection>NNW</winddirection><dir16Point>NNW</dir16Point><dirDegree>329</dirDegree><weatherDesc>Sunny</weatherDesc><precipMM>0.3</precipMM></weather><weather><date>2010-10-26</date><tempMaxC>16</tempMaxC><tempMaxF>61</tempMaxF><tempMinC>6</tempMinC><tempMinF>43</tempMinF><windspeed unit="Miles">14</windspeed><windspeed unit="Kmph">23</windspeed><winddirection>WSW</winddirection><dir16Point>WSW</dir16Point><dirDegree>237</dirDegree><weatherDesc>Sunny</weatherDesc><precipMM>0.0</precipMM></weather></data>
</w_cond>