<museums>
 <museum id_museum= '30'> <name>Museo Franz Mayer</name> <city>Mexico City         </city> <country>Mexico              </country> </museum>
 <museum id_museum= '31'> <name>Museo Mural Diego Rivera</name> <city>Mexico City         </city> <country>Mexico              </country> </museum>
 <museum id_museum= '32'> <name>Museo Nacional de Arte</name> <city>Mexico City         </city> <country>Mexico              </country> </museum>
 <museum id_museum= '33'> <name>Museo Soumaya</name> <city>Mexico City         </city> <country>Mexico              </country> </museum>
 <museum id_museum= '34'> <name>Museo Tamayo Arte Contemporaneo</name> <city>Mexico City         </city> <country>Mexico              </country> </museum>
 <museum id_museum= '35'> <name>Museo Universitario Arte Contemporaneo (MUAC)</name> <city>Mexico City         </city> <country>Mexico              </country> </museum>
 <museum id_museum= '36'> <name>Museo de Arte Contemporaneo de Monterrey</name> <city>Mexico City         </city> <country>Monterrey           </country> </museum>
 <museum id_museum= '37'> <name>Museo Amparo</name> <city>Mexico City         </city> <country>Puebla              </country> </museum>
 <museum id_museum= '38'> <name>Museo de Arte de Lima</name> <city>Lima                </city> <country>Peru                </country> </museum>
 <museum id_museum= '39'> <name>Museo Larco</name> <city>Lima                </city> <country>Peru                </country> </museum>
 <museum id_museum= '40'> <name>Museo de Arte Moderno Juan Astorga Anta</name> <city>Merida              </city> <country>Venezuela           </country> </museum>
 <museum id_museum= '41'> <name>Uffizi Gallery</name> <city>Florence            </city> <country>Italy               </country> </museum>
 <museum id_museum= '42'> <name>Casa Buonarroti</name> <city>Florence            </city> <country>Italy               </country> </museum>
 <museum id_museum= '43'> <name>Florence Museums</name> <city>Florence            </city> <country>Italy               </country> </museum>
 <museum id_museum= '44'> <name>Galleria dell&apos;Accademia</name> <city>Florence            </city> <country>Italy               </country> </museum>
 <museum id_museum= '45'> <name>Galleria Palatina</name> <city>Florence            </city> <country>Italy               </country> </museum>
 <museum id_museum= '46'> <name>Marino Marini Museum</name> <city>Florence            </city> <country>Italy               </country> </museum>
 <museum id_museum= '47'> <name>Museo di San Marco</name> <city>Florence            </city> <country>Italy               </country> </museum>
 <museum id_museum= '48'> <name>Museo Nazionale del Bargello</name> <city>Florence            </city> <country>Italy               </country> </museum>
 <museum id_museum= '49'> <name>Opera di Santa Maria del Fiore</name> <city>Florence            </city> <country>Italy               </country> </museum>
 <museum id_museum= '50'> <name>Palazzo Medici Riccardi</name> <city>Florence            </city> <country>Italy               </country> </museum>
 <museum id_museum= '51'> <name>Palazzo Vecchio (Museo Ragazzi)</name> <city>Florence            </city> <country>Italy               </country> </museum>
 <museum id_museum= '52'> <name>Pinacoteca Regionale</name> <city>Florence            </city> <country>Italy               </country> </museum>
 <museum id_museum= '53'> <name>Pitti Palace</name> <city>Florence            </city> <country>Italy               </country> </museum>
 <museum id_museum= '54'> <name>Palazzo Bianco</name> <city>Genoa               </city> <country>Italy               </country> </museum>
 <museum id_museum= '55'> <name>Palazzo Rosso</name> <city>Genoa               </city> <country>Italy               </country> </museum>
 <museum id_museum= '56'> <name>Galleria Nazionale Palazzo Spinola</name> <city>Genoa               </city> <country>Italy               </country> </museum>
 <museum id_museum= '57'> <name>Musei di Genova</name> <city>Genoa               </city> <country>Italy               </country> </museum>
 <museum id_museum= '58'> <name>Museo dell&apos;Accademia Ligustica di Belle Arti</name> <city>Genoa               </city> <country>Italy               </country> </museum>
 <museum id_museum= '59'> <name>Museo Palazzo Reale</name> <city>Genoa               </city> <country>Italy               </country> </museum>
 <museum id_museum= '60'> <name>Palazzo Ducale</name> <city>Genoa               </city> <country>Italy               </country> </museum>
 <museum id_museum= '61'> <name>Villa Croce Museo di Arte Contemporanea</name> <city>Genoa               </city> <country>Italy               </country> </museum>
 <museum id_museum= '62'> <name>Villa del Principe, Palazzo di Andrea Doria</name> <city>Genoa               </city> <country>Italy               </country> </museum>
 <museum id_museum= '63'> <name>Wolfsoniana: The Wolfson Collection</name> <city>Genoa               </city> <country>Italy               </country> </museum>
 <museum id_museum= '64'> <name>Calderara Foundation Collection</name> <city>Milan               </city> <country>Italy               </country> </museum>
 <museum id_museum= '65'> <name>Castello Sforzesco Pinacoteca</name> <city>Milan               </city> <country>Italy               </country> </museum>
 <museum id_museum= '66'> <name>Museo Bagatti Valsecchi</name> <city>Milan               </city> <country>Italy               </country> </museum>
 <museum id_museum= '67'> <name>Museo Civico di Arte Antica</name> <city>Milan               </city> <country>Italy               </country> </museum>
 <museum id_museum= '68'> <name>Museo Diocesano di Milan</name> <city>Milan               </city> <country>Italy               </country> </museum>
 <museum id_museum= '69'> <name>Museo Luciano Minguzzi</name> <city>Milan               </city> <country>Italy               </country> </museum>
 <museum id_museum= '70'> <name>Museo Poldi Pezzoli</name> <city>Milan               </city> <country>Italy               </country> </museum>
 <museum id_museum= '71'> <name>Padiglione d&apos;Arte Contemporanea</name> <city>Milan               </city> <country>Italy               </country> </museum>
 <museum id_museum= '72'> <name>Pinacoteca Ambrosiana</name> <city>Milan               </city> <country>Italy               </country> </museum>
 <museum id_museum= '73'> <name>Pinacoteca di Brera</name> <city>Milan               </city> <country>Italy               </country> </museum>
 <museum id_museum= '74'> <name>Galleria Borghese</name> <city>Rome                </city> <country>Italy               </country> </museum>
 <museum id_museum= '75'> <name>Musei Capitolini</name> <city>Rome                </city> <country>Italy               </country> </museum>
 <museum id_museum= '76'> <name>Chiostro del Bramante</name> <city>Rome                </city> <country>Italy               </country> </museum>
 <museum id_museum= '77'> <name>Galleria Corsini</name> <city>Rome                </city> <country>Italy               </country> </museum>
 <museum id_museum= '78'> <name>Galleria Doria Pamphilj</name> <city>Rome                </city> <country>Italy               </country> </museum>
 <museum id_museum= '79'> <name>Galleria Nazionale d&apos;Arte Moderna e Contemporanea</name> <city>Rome                </city> <country>Italy               </country> </museum>
 <museum id_museum= '80'> <name>Galleria Spada</name> <city>Rome                </city> <country>Italy               </country> </museum>
 <museum id_museum= '81'> <name>Giorgio and Isa de Chirico Foundation</name> <city>Rome                </city> <country>Italy               </country> </museum>
 <museum id_museum= '82'> <name>Istituto Nazionale per la Grafica</name> <city>Rome                </city> <country>Italy               </country> </museum>
 <museum id_museum= '83'> <name>MACRO - Museo d&apos;Arte Contemporanea Roma</name> <city>Rome                </city> <country>Italy               </country> </museum>
 <museum id_museum= '84'> <name>MAXXI Museo Nazionale delle Arti del XXI Secolo</name> <city>Rome                </city> <country>Italy               </country> </museum>
 <museum id_museum= '85'> <name>Musei di Palazzo Farnese</name> <city>Rome                </city> <country>Italy               </country> </museum>
 <museum id_museum= '86'> <name>Museo Barracco</name> <city>Rome                </city> <country>Italy               </country> </museum>
 <museum id_museum= '87'> <name>Museo del Corso</name> <city>Rome                </city> <country>Italy               </country> </museum>
 <museum id_museum= '88'> <name>Museo della Casina delle Civette</name> <city>Rome                </city> <country>Italy               </country> </museum>
 <museum id_museum= '89'> <name>Museo di Roma - Palazzo Braschi</name> <city>Rome                </city> <country>Italy               </country> </museum>
 <museum id_museum= '90'> <name>Museo di Roma in Trastevere</name> <city>Rome                </city> <country>Italy               </country> </museum>
</museums>
