<?xml version="1.0" encoding="UTF-8" standalone="yes"?>
<job xmlns="http://eobjects.org/analyzerbeans/job/1.0">
    <job-metadata>
        <job-description>Created with DataCleaner 3.5.3</job-description>
        <updated-date>2013-09-15-04:00</updated-date>
    </job-metadata>
    <source>
        <data-context ref="books"/>
        <columns>
            <column id="col_0" path="books.authors.lastname" type="VARCHAR"/>
            <column id="col_1" path="books.authors.firstname" type="VARCHAR"/>
            <column id="col_2" path="books.authors.nationality" type="VARCHAR"/>
            <column id="col_3" path="books.authors.birthyear" type="INTEGER"/>
            <column id="col_4" path="books.authors.id_author" type="CHAR"/>
        </columns>
    </source>
    <transformation/>
    <analysis>
        <analyzer>
            <descriptor ref="Value distribution"/>
            <properties>
                <property name="Record unique values" value="true"/>
                <property name="Record drill-down information" value="true"/>
                <property name="Top n most frequent values" value="&lt;null&gt;"/>
                <property name="Bottom n most frequent values" value="&lt;null&gt;"/>
            </properties>
            <input ref="col_0" name="Column"/>
        </analyzer>
        <analyzer>
            <descriptor ref="Value distribution"/>
            <properties>
                <property name="Record unique values" value="true"/>
                <property name="Record drill-down information" value="true"/>
                <property name="Top n most frequent values" value="&lt;null&gt;"/>
                <property name="Bottom n most frequent values" value="&lt;null&gt;"/>
            </properties>
            <input ref="col_1" name="Column"/>
        </analyzer>
        <analyzer>
            <descriptor ref="Value distribution"/>
            <properties>
                <property name="Record unique values" value="true"/>
                <property name="Record drill-down information" value="true"/>
                <property name="Top n most frequent values" value="&lt;null&gt;"/>
                <property name="Bottom n most frequent values" value="&lt;null&gt;"/>
            </properties>
            <input ref="col_2" name="Column"/>
        </analyzer>
        <analyzer>
            <descriptor ref="Value distribution"/>
            <properties>
                <property name="Record unique values" value="true"/>
                <property name="Record drill-down information" value="true"/>
                <property name="Top n most frequent values" value="&lt;null&gt;"/>
                <property name="Bottom n most frequent values" value="&lt;null&gt;"/>
            </properties>
            <input ref="col_3" name="Column"/>
        </analyzer>
        <analyzer>
            <descriptor ref="Value distribution"/>
            <properties>
                <property name="Record unique values" value="true"/>
                <property name="Record drill-down information" value="true"/>
                <property name="Top n most frequent values" value="&lt;null&gt;"/>
                <property name="Bottom n most frequent values" value="&lt;null&gt;"/>
            </properties>
            <input ref="col_4" name="Column"/>
        </analyzer>
        <analyzer>
            <descriptor ref="String analyzer"/>
            <properties/>
            <input ref="col_0"/>
            <input ref="col_1"/>
            <input ref="col_2"/>
            <input ref="col_4"/>
        </analyzer>
        <analyzer>
            <descriptor ref="Number analyzer"/>
            <properties>
                <property name="Descriptive statistics" value="false"/>
            </properties>
            <input ref="col_3"/>
        </analyzer>
    </analysis>
</job>
